--
-- PostgreSQL database cluster dump
--

-- Started on 2025-05-11 19:10:39

SET default_transaction_read_only = off;

SET client_encoding = 'UTF8';
SET standard_conforming_strings = on;

--
-- Roles
--

CREATE ROLE diplom;
ALTER ROLE diplom WITH SUPERUSER INHERIT CREATEROLE CREATEDB LOGIN REPLICATION BYPASSRLS PASSWORD 'SCRAM-SHA-256$4096:Hn50WtSOj168z49FpSJ80A==$/57bv6Bb4TlGnZ6QqJ35k5wZqXbVA/6fMW+7WEG6ttA=:P9h/qMDariFfK8f7Cq3ks5IbdggKBGtoc1R4+FfS2vw=';
CREATE ROLE postgres;
ALTER ROLE postgres WITH SUPERUSER INHERIT CREATEROLE CREATEDB LOGIN REPLICATION BYPASSRLS PASSWORD 'SCRAM-SHA-256$4096:jwC5wjhhZElDxy1igPNn2g==$M5DGPbSsiR6+gRk+x5vV25jIPtppyQn/5F9ZnYEfd8o=:nLdwK2TwHaqJkmrdUiWF4m7Mp8dG8L6s/YrltAV06Jg=';

--
-- User Configurations
--








--
-- Databases
--

--
-- Database "template1" dump
--

\connect template1

--
-- PostgreSQL database dump
--

-- Dumped from database version 16.8
-- Dumped by pg_dump version 17.4

-- Started on 2025-05-11 19:10:39

SET statement_timeout = 0;
SET lock_timeout = 0;
SET idle_in_transaction_session_timeout = 0;
SET transaction_timeout = 0;
SET client_encoding = 'UTF8';
SET standard_conforming_strings = on;
SELECT pg_catalog.set_config('search_path', '', false);
SET check_function_bodies = false;
SET xmloption = content;
SET client_min_messages = warning;
SET row_security = off;

-- Completed on 2025-05-11 19:10:40

--
-- PostgreSQL database dump complete
--

--
-- Database "diplom" dump
--

--
-- PostgreSQL database dump
--

-- Dumped from database version 16.8
-- Dumped by pg_dump version 17.4

-- Started on 2025-05-11 19:10:40

SET statement_timeout = 0;
SET lock_timeout = 0;
SET idle_in_transaction_session_timeout = 0;
SET transaction_timeout = 0;
SET client_encoding = 'UTF8';
SET standard_conforming_strings = on;
SELECT pg_catalog.set_config('search_path', '', false);
SET check_function_bodies = false;
SET xmloption = content;
SET client_min_messages = warning;
SET row_security = off;

--
-- TOC entry 5061 (class 1262 OID 16578)
-- Name: diplom; Type: DATABASE; Schema: -; Owner: diplom
--

CREATE DATABASE diplom WITH TEMPLATE = template0 ENCODING = 'UTF8' LOCALE_PROVIDER = libc LOCALE = 'Russian_Russia.1251';


ALTER DATABASE diplom OWNER TO diplom;

\connect diplom

SET statement_timeout = 0;
SET lock_timeout = 0;
SET idle_in_transaction_session_timeout = 0;
SET transaction_timeout = 0;
SET client_encoding = 'UTF8';
SET standard_conforming_strings = on;
SELECT pg_catalog.set_config('search_path', '', false);
SET check_function_bodies = false;
SET xmloption = content;
SET client_min_messages = warning;
SET row_security = off;

SET default_tablespace = '';

SET default_table_access_method = heap;

--
-- TOC entry 222 (class 1259 OID 16602)
-- Name: auth_group; Type: TABLE; Schema: public; Owner: diplom
--

CREATE TABLE public.auth_group (
    id integer NOT NULL,
    name character varying(150) NOT NULL
);


ALTER TABLE public.auth_group OWNER TO diplom;

--
-- TOC entry 221 (class 1259 OID 16601)
-- Name: auth_group_id_seq; Type: SEQUENCE; Schema: public; Owner: diplom
--

ALTER TABLE public.auth_group ALTER COLUMN id ADD GENERATED BY DEFAULT AS IDENTITY (
    SEQUENCE NAME public.auth_group_id_seq
    START WITH 1
    INCREMENT BY 1
    NO MINVALUE
    NO MAXVALUE
    CACHE 1
);


--
-- TOC entry 224 (class 1259 OID 16610)
-- Name: auth_group_permissions; Type: TABLE; Schema: public; Owner: diplom
--

CREATE TABLE public.auth_group_permissions (
    id bigint NOT NULL,
    group_id integer NOT NULL,
    permission_id integer NOT NULL
);


ALTER TABLE public.auth_group_permissions OWNER TO diplom;

--
-- TOC entry 223 (class 1259 OID 16609)
-- Name: auth_group_permissions_id_seq; Type: SEQUENCE; Schema: public; Owner: diplom
--

ALTER TABLE public.auth_group_permissions ALTER COLUMN id ADD GENERATED BY DEFAULT AS IDENTITY (
    SEQUENCE NAME public.auth_group_permissions_id_seq
    START WITH 1
    INCREMENT BY 1
    NO MINVALUE
    NO MAXVALUE
    CACHE 1
);


--
-- TOC entry 220 (class 1259 OID 16596)
-- Name: auth_permission; Type: TABLE; Schema: public; Owner: diplom
--

CREATE TABLE public.auth_permission (
    id integer NOT NULL,
    name character varying(255) NOT NULL,
    content_type_id integer NOT NULL,
    codename character varying(100) NOT NULL
);


ALTER TABLE public.auth_permission OWNER TO diplom;

--
-- TOC entry 219 (class 1259 OID 16595)
-- Name: auth_permission_id_seq; Type: SEQUENCE; Schema: public; Owner: diplom
--

ALTER TABLE public.auth_permission ALTER COLUMN id ADD GENERATED BY DEFAULT AS IDENTITY (
    SEQUENCE NAME public.auth_permission_id_seq
    START WITH 1
    INCREMENT BY 1
    NO MINVALUE
    NO MAXVALUE
    CACHE 1
);


--
-- TOC entry 232 (class 1259 OID 16693)
-- Name: django_admin_log; Type: TABLE; Schema: public; Owner: diplom
--

CREATE TABLE public.django_admin_log (
    id integer NOT NULL,
    action_time timestamp with time zone NOT NULL,
    object_id text,
    object_repr character varying(200) NOT NULL,
    action_flag smallint NOT NULL,
    change_message text NOT NULL,
    content_type_id integer,
    user_id bigint NOT NULL,
    CONSTRAINT django_admin_log_action_flag_check CHECK ((action_flag >= 0))
);


ALTER TABLE public.django_admin_log OWNER TO diplom;

--
-- TOC entry 231 (class 1259 OID 16692)
-- Name: django_admin_log_id_seq; Type: SEQUENCE; Schema: public; Owner: diplom
--

ALTER TABLE public.django_admin_log ALTER COLUMN id ADD GENERATED BY DEFAULT AS IDENTITY (
    SEQUENCE NAME public.django_admin_log_id_seq
    START WITH 1
    INCREMENT BY 1
    NO MINVALUE
    NO MAXVALUE
    CACHE 1
);


--
-- TOC entry 218 (class 1259 OID 16588)
-- Name: django_content_type; Type: TABLE; Schema: public; Owner: diplom
--

CREATE TABLE public.django_content_type (
    id integer NOT NULL,
    app_label character varying(100) NOT NULL,
    model character varying(100) NOT NULL
);


ALTER TABLE public.django_content_type OWNER TO diplom;

--
-- TOC entry 217 (class 1259 OID 16587)
-- Name: django_content_type_id_seq; Type: SEQUENCE; Schema: public; Owner: diplom
--

ALTER TABLE public.django_content_type ALTER COLUMN id ADD GENERATED BY DEFAULT AS IDENTITY (
    SEQUENCE NAME public.django_content_type_id_seq
    START WITH 1
    INCREMENT BY 1
    NO MINVALUE
    NO MAXVALUE
    CACHE 1
);


--
-- TOC entry 216 (class 1259 OID 16580)
-- Name: django_migrations; Type: TABLE; Schema: public; Owner: diplom
--

CREATE TABLE public.django_migrations (
    id bigint NOT NULL,
    app character varying(255) NOT NULL,
    name character varying(255) NOT NULL,
    applied timestamp with time zone NOT NULL
);


ALTER TABLE public.django_migrations OWNER TO diplom;

--
-- TOC entry 215 (class 1259 OID 16579)
-- Name: django_migrations_id_seq; Type: SEQUENCE; Schema: public; Owner: diplom
--

ALTER TABLE public.django_migrations ALTER COLUMN id ADD GENERATED BY DEFAULT AS IDENTITY (
    SEQUENCE NAME public.django_migrations_id_seq
    START WITH 1
    INCREMENT BY 1
    NO MINVALUE
    NO MAXVALUE
    CACHE 1
);


--
-- TOC entry 237 (class 1259 OID 16745)
-- Name: django_session; Type: TABLE; Schema: public; Owner: diplom
--

CREATE TABLE public.django_session (
    session_key character varying(40) NOT NULL,
    session_data text NOT NULL,
    expire_date timestamp with time zone NOT NULL
);


ALTER TABLE public.django_session OWNER TO diplom;

--
-- TOC entry 234 (class 1259 OID 16714)
-- Name: main_category; Type: TABLE; Schema: public; Owner: diplom
--

CREATE TABLE public.main_category (
    id bigint NOT NULL,
    name character varying(40) NOT NULL,
    slug character varying(40) NOT NULL
);


ALTER TABLE public.main_category OWNER TO diplom;

--
-- TOC entry 233 (class 1259 OID 16713)
-- Name: main_category_id_seq; Type: SEQUENCE; Schema: public; Owner: diplom
--

ALTER TABLE public.main_category ALTER COLUMN id ADD GENERATED BY DEFAULT AS IDENTITY (
    SEQUENCE NAME public.main_category_id_seq
    START WITH 1
    INCREMENT BY 1
    NO MINVALUE
    NO MAXVALUE
    CACHE 1
);


--
-- TOC entry 236 (class 1259 OID 16724)
-- Name: main_product; Type: TABLE; Schema: public; Owner: diplom
--

CREATE TABLE public.main_product (
    id bigint NOT NULL,
    name character varying(100) NOT NULL,
    slug character varying(100) NOT NULL,
    image character varying(100) NOT NULL,
    description text NOT NULL,
    price numeric(10,2) NOT NULL,
    available boolean NOT NULL,
    created timestamp with time zone NOT NULL,
    updated timestamp with time zone NOT NULL,
    discount numeric(4,2) NOT NULL,
    category_id bigint NOT NULL
);


ALTER TABLE public.main_product OWNER TO diplom;

--
-- TOC entry 235 (class 1259 OID 16723)
-- Name: main_product_id_seq; Type: SEQUENCE; Schema: public; Owner: diplom
--

ALTER TABLE public.main_product ALTER COLUMN id ADD GENERATED BY DEFAULT AS IDENTITY (
    SEQUENCE NAME public.main_product_id_seq
    START WITH 1
    INCREMENT BY 1
    NO MINVALUE
    NO MAXVALUE
    CACHE 1
);


--
-- TOC entry 239 (class 1259 OID 16755)
-- Name: orders_order; Type: TABLE; Schema: public; Owner: diplom
--

CREATE TABLE public.orders_order (
    id bigint NOT NULL,
    first_name character varying(50) NOT NULL,
    last_name character varying(50) NOT NULL,
    email character varying(254) NOT NULL,
    tg_name character varying(250) NOT NULL,
    created timestamp with time zone NOT NULL,
    updated timestamp with time zone NOT NULL,
    user_id bigint,
    paid boolean NOT NULL
);


ALTER TABLE public.orders_order OWNER TO diplom;

--
-- TOC entry 238 (class 1259 OID 16754)
-- Name: orders_order_id_seq; Type: SEQUENCE; Schema: public; Owner: diplom
--

ALTER TABLE public.orders_order ALTER COLUMN id ADD GENERATED BY DEFAULT AS IDENTITY (
    SEQUENCE NAME public.orders_order_id_seq
    START WITH 1
    INCREMENT BY 1
    NO MINVALUE
    NO MAXVALUE
    CACHE 1
);


--
-- TOC entry 241 (class 1259 OID 16763)
-- Name: orders_orderitem; Type: TABLE; Schema: public; Owner: diplom
--

CREATE TABLE public.orders_orderitem (
    id bigint NOT NULL,
    price numeric(10,2) NOT NULL,
    quantity integer NOT NULL,
    order_id bigint NOT NULL,
    product_id bigint NOT NULL,
    CONSTRAINT orders_orderitem_quantity_check CHECK ((quantity >= 0))
);


ALTER TABLE public.orders_orderitem OWNER TO diplom;

--
-- TOC entry 240 (class 1259 OID 16762)
-- Name: orders_orderitem_id_seq; Type: SEQUENCE; Schema: public; Owner: diplom
--

ALTER TABLE public.orders_orderitem ALTER COLUMN id ADD GENERATED BY DEFAULT AS IDENTITY (
    SEQUENCE NAME public.orders_orderitem_id_seq
    START WITH 1
    INCREMENT BY 1
    NO MINVALUE
    NO MAXVALUE
    CACHE 1
);


--
-- TOC entry 226 (class 1259 OID 16642)
-- Name: user; Type: TABLE; Schema: public; Owner: diplom
--

CREATE TABLE public."user" (
    id bigint NOT NULL,
    password character varying(128) NOT NULL,
    last_login timestamp with time zone,
    is_superuser boolean NOT NULL,
    username character varying(150) NOT NULL,
    first_name character varying(150) NOT NULL,
    last_name character varying(150) NOT NULL,
    email character varying(254) NOT NULL,
    is_staff boolean NOT NULL,
    is_active boolean NOT NULL,
    date_joined timestamp with time zone NOT NULL,
    image character varying(100)
);


ALTER TABLE public."user" OWNER TO diplom;

--
-- TOC entry 228 (class 1259 OID 16652)
-- Name: user_groups; Type: TABLE; Schema: public; Owner: diplom
--

CREATE TABLE public.user_groups (
    id bigint NOT NULL,
    user_id bigint NOT NULL,
    group_id integer NOT NULL
);


ALTER TABLE public.user_groups OWNER TO diplom;

--
-- TOC entry 227 (class 1259 OID 16651)
-- Name: user_groups_id_seq; Type: SEQUENCE; Schema: public; Owner: diplom
--

ALTER TABLE public.user_groups ALTER COLUMN id ADD GENERATED BY DEFAULT AS IDENTITY (
    SEQUENCE NAME public.user_groups_id_seq
    START WITH 1
    INCREMENT BY 1
    NO MINVALUE
    NO MAXVALUE
    CACHE 1
);


--
-- TOC entry 225 (class 1259 OID 16641)
-- Name: user_id_seq; Type: SEQUENCE; Schema: public; Owner: diplom
--

ALTER TABLE public."user" ALTER COLUMN id ADD GENERATED BY DEFAULT AS IDENTITY (
    SEQUENCE NAME public.user_id_seq
    START WITH 1
    INCREMENT BY 1
    NO MINVALUE
    NO MAXVALUE
    CACHE 1
);


--
-- TOC entry 230 (class 1259 OID 16658)
-- Name: user_user_permissions; Type: TABLE; Schema: public; Owner: diplom
--

CREATE TABLE public.user_user_permissions (
    id bigint NOT NULL,
    user_id bigint NOT NULL,
    permission_id integer NOT NULL
);


ALTER TABLE public.user_user_permissions OWNER TO diplom;

--
-- TOC entry 229 (class 1259 OID 16657)
-- Name: user_user_permissions_id_seq; Type: SEQUENCE; Schema: public; Owner: diplom
--

ALTER TABLE public.user_user_permissions ALTER COLUMN id ADD GENERATED BY DEFAULT AS IDENTITY (
    SEQUENCE NAME public.user_user_permissions_id_seq
    START WITH 1
    INCREMENT BY 1
    NO MINVALUE
    NO MAXVALUE
    CACHE 1
);


--
-- TOC entry 5036 (class 0 OID 16602)
-- Dependencies: 222
-- Data for Name: auth_group; Type: TABLE DATA; Schema: public; Owner: diplom
--

COPY public.auth_group (id, name) FROM stdin;
\.


--
-- TOC entry 5038 (class 0 OID 16610)
-- Dependencies: 224
-- Data for Name: auth_group_permissions; Type: TABLE DATA; Schema: public; Owner: diplom
--

COPY public.auth_group_permissions (id, group_id, permission_id) FROM stdin;
\.


--
-- TOC entry 5034 (class 0 OID 16596)
-- Dependencies: 220
-- Data for Name: auth_permission; Type: TABLE DATA; Schema: public; Owner: diplom
--

COPY public.auth_permission (id, name, content_type_id, codename) FROM stdin;
1	Can add log entry	1	add_logentry
2	Can change log entry	1	change_logentry
3	Can delete log entry	1	delete_logentry
4	Can view log entry	1	view_logentry
5	Can add permission	2	add_permission
6	Can change permission	2	change_permission
7	Can delete permission	2	delete_permission
8	Can view permission	2	view_permission
9	Can add group	3	add_group
10	Can change group	3	change_group
11	Can delete group	3	delete_group
12	Can view group	3	view_group
13	Can add content type	4	add_contenttype
14	Can change content type	4	change_contenttype
15	Can delete content type	4	delete_contenttype
16	Can view content type	4	view_contenttype
17	Can add session	5	add_session
18	Can change session	5	change_session
19	Can delete session	5	delete_session
20	Can view session	5	view_session
21	Can add category	6	add_category
22	Can change category	6	change_category
23	Can delete category	6	delete_category
24	Can view category	6	view_category
25	Can add product	7	add_product
26	Can change product	7	change_product
27	Can delete product	7	delete_product
28	Can view product	7	view_product
29	Can add user	8	add_user
30	Can change user	8	change_user
31	Can delete user	8	delete_user
32	Can view user	8	view_user
33	Can add order	9	add_order
34	Can change order	9	change_order
35	Can delete order	9	delete_order
36	Can view order	9	view_order
37	Can add order item	10	add_orderitem
38	Can change order item	10	change_orderitem
39	Can delete order item	10	delete_orderitem
40	Can view order item	10	view_orderitem
\.


--
-- TOC entry 5046 (class 0 OID 16693)
-- Dependencies: 232
-- Data for Name: django_admin_log; Type: TABLE DATA; Schema: public; Owner: diplom
--

COPY public.django_admin_log (id, action_time, object_id, object_repr, action_flag, change_message, content_type_id, user_id) FROM stdin;
1	2025-05-06 16:29:33.090963+03	1	Тейпирование	1	[{"added": {}}]	6	1
2	2025-05-06 16:30:14.480659+03	1	Тейпирование лица	1	[{"added": {}}]	7	1
3	2025-05-06 23:30:58.191659+03	10	Order 10	2	[{"changed": {"fields": ["Paid"]}}]	9	1
4	2025-05-07 12:20:19.475389+03	2	Тейпирование тела	1	[{"added": {}}]	7	1
5	2025-05-07 12:20:43.755548+03	2	Фейсформинг	1	[{"added": {}}]	6	1
6	2025-05-07 12:21:38.08621+03	3	Омоложение 40+	1	[{"added": {}}]	7	1
7	2025-05-07 12:22:33.664012+03	3	Тибетский массаж	1	[{"added": {}}]	6	1
8	2025-05-07 12:22:53.145875+03	4	Тибет НПЛ	1	[{"added": {}}]	7	1
9	2025-05-07 12:24:00.7518+03	5	Тибет ВПЛ	1	[{"added": {}}]	7	1
10	2025-05-07 12:24:12.590953+03	5	Тибет ВПЛ	2	[{"changed": {"fields": ["Image"]}}]	7	1
11	2025-05-07 12:24:32.758157+03	4	Уход за кожей	1	[{"added": {}}]	6	1
12	2025-05-07 12:25:40.991319+03	6	SPA для лица	1	[{"added": {}}]	7	1
13	2025-05-07 12:26:40.134571+03	7	Йога для лица	1	[{"added": {}}]	7	1
14	2025-05-07 12:27:48.785002+03	8	Дренаж лица	1	[{"added": {}}]	7	1
15	2025-05-07 12:28:11.814176+03	6	SPA для лица	2	[{"changed": {"fields": ["Discount"]}}]	7	1
16	2025-05-08 21:16:26.740998+03	27	Order 27	2	[{"changed": {"fields": ["Paid"]}}]	9	1
17	2025-05-10 21:53:27.842814+03	9	Фейсформинг - тест	1	[{"added": {}}]	7	1
18	2025-05-10 21:54:44.01224+03	9	Фейсформинг - тест	3		7	1
19	2025-05-10 21:55:59.479433+03	29	Order 29	2	[{"changed": {"fields": ["Paid"]}}]	9	1
\.


--
-- TOC entry 5032 (class 0 OID 16588)
-- Dependencies: 218
-- Data for Name: django_content_type; Type: TABLE DATA; Schema: public; Owner: diplom
--

COPY public.django_content_type (id, app_label, model) FROM stdin;
1	admin	logentry
2	auth	permission
3	auth	group
4	contenttypes	contenttype
5	sessions	session
6	main	category
7	main	product
8	users	user
9	orders	order
10	orders	orderitem
\.


--
-- TOC entry 5030 (class 0 OID 16580)
-- Dependencies: 216
-- Data for Name: django_migrations; Type: TABLE DATA; Schema: public; Owner: diplom
--

COPY public.django_migrations (id, app, name, applied) FROM stdin;
1	contenttypes	0001_initial	2025-05-06 15:06:14.833278+03
2	contenttypes	0002_remove_content_type_name	2025-05-06 15:06:14.835949+03
3	auth	0001_initial	2025-05-06 15:06:14.868514+03
4	auth	0002_alter_permission_name_max_length	2025-05-06 15:06:14.870562+03
5	auth	0003_alter_user_email_max_length	2025-05-06 15:06:14.872465+03
6	auth	0004_alter_user_username_opts	2025-05-06 15:06:14.874135+03
7	auth	0005_alter_user_last_login_null	2025-05-06 15:06:14.875837+03
8	auth	0006_require_contenttypes_0002	2025-05-06 15:06:14.876311+03
9	auth	0007_alter_validators_add_error_messages	2025-05-06 15:06:14.878321+03
10	auth	0008_alter_user_username_max_length	2025-05-06 15:06:14.879919+03
11	auth	0009_alter_user_last_name_max_length	2025-05-06 15:06:14.881588+03
12	auth	0010_alter_group_name_max_length	2025-05-06 15:06:14.88455+03
13	auth	0011_update_proxy_permissions	2025-05-06 15:06:14.886403+03
14	auth	0012_alter_user_first_name_max_length	2025-05-06 15:06:14.888026+03
15	users	0001_initial	2025-05-06 15:06:14.928065+03
16	admin	0001_initial	2025-05-06 15:06:14.942636+03
17	admin	0002_logentry_remove_auto_add	2025-05-06 15:06:14.945598+03
18	admin	0003_logentry_add_action_flag_choices	2025-05-06 15:06:14.948253+03
19	main	0001_initial	2025-05-06 15:06:14.982711+03
20	sessions	0001_initial	2025-05-06 15:06:14.994595+03
21	orders	0001_initial	2025-05-06 15:50:24.897118+03
22	orders	0002_alter_order_options_remove_order_paid_and_more	2025-05-06 23:19:16.13227+03
23	orders	0003_alter_order_options_remove_order_payment_amount_and_more	2025-05-06 23:26:47.75617+03
\.


--
-- TOC entry 5051 (class 0 OID 16745)
-- Dependencies: 237
-- Data for Name: django_session; Type: TABLE DATA; Schema: public; Owner: diplom
--

COPY public.django_session (session_key, session_data, expire_date) FROM stdin;
cxq3xh16qj3fdjac3c32y95ynokzduzj	.eJxVjMEOgyAQBf-Fc0OUBQSPvfcbDAtLsW0gAT0Z_72aeGivb-bNxia3LmlaG9VpDmxkPbv9buj8m_IJwsvlZ-G-5KXOyE-FX7TxRwn0uV_uXyC5lo53RDlYDSGg6aTwSogIqCWZQOBBW-MsABrsBBAMCEqTgqFXOkKk3qsj6l1d2Ljt-xcVXjrK:1uDpMh:D0p0MrGMWukI6Oc2ywtZzpnScswA0ZwzVIc8iQ7e5-U	2025-05-24 21:56:03.145609+03
\.


--
-- TOC entry 5048 (class 0 OID 16714)
-- Dependencies: 234
-- Data for Name: main_category; Type: TABLE DATA; Schema: public; Owner: diplom
--

COPY public.main_category (id, name, slug) FROM stdin;
1	Тейпирование	tejpirovanie
2	Фейсформинг	fejsforming
3	Тибетский массаж	tibetskij-massazh
4	Уход за кожей	uhod-za-kozhej
\.


--
-- TOC entry 5050 (class 0 OID 16724)
-- Dependencies: 236
-- Data for Name: main_product; Type: TABLE DATA; Schema: public; Owner: diplom
--

COPY public.main_product (id, name, slug, image, description, price, available, created, updated, discount, category_id) FROM stdin;
1	Тейпирование лица	tejpirovanie-lica	products/2025/05/06/тейпылицо_KfRZor3.png	🔹 Курс "Тейпирование лица – мгновенный лифтинг и омоложение"\r\n\r\nХотите быстрый лифтинг-эффект без уколов и операций? Освойте технику тейпирования – безопасный способ подтянуть кожу, уменьшить отеки и разгладить морщины!\r\n\r\nЧто даст вам курс?\r\n✅ Мгновенный результат – видимый эффект уже после первого применения.\r\n✅ Профессиональные схемы – коррекция овала лица, век, носогубных складок.\r\n✅ Уход за кожей 40+ – борьба с возрастными изменениями.\r\n✅ Долгосрочный эффект – улучшение тонуса кожи и лимфодренажа.\r\n✅ Простота и безопасность – подходит даже для чувствительной кожи.\r\n\r\nФормат: пошаговые видеоуроки + PDF-гайд по зонам лица.\r\n\r\n✨ Верните четкие контуры и свежий вид – начните тейпировать уже сегодня! ✨	8900.00	t	2025-05-06 16:30:14.478307+03	2025-05-06 16:30:14.478316+03	0.00	1
2	Тейпирование тела	tejpirovanie-tela	products/2025/05/07/тейпы.png	🔹 Курс "Тейпирование тела – коррекция, восстановление и поддержка"\r\n\r\nХотите избавиться от отеков, уменьшить боли в мышцах и суставах, улучшить осанку без таблеток и сложных процедур? Научитесь правильно использовать тейпы для здоровья и красоты тела!\r\n\r\nЧто вы получите после курса?\r\n✅ Снятие боли – помощь при болях в спине, шее, суставах и мышцах.\r\n✅ Коррекция фигуры – поддержка при занятиях спортом, улучшение осанки.\r\n✅ Лимфодренажный эффект – уменьшение отеков и целлюлита.\r\n✅ Быстрое восстановление – после тренировок, травм или операций.\r\n✅ Универсальный навык – сможете применять тейпы на себе и близких.\r\n\r\nФормат: видеоуроки с техниками + чек-листы по зонам тела.\r\n\r\n✨ Позаботьтесь о комфорте и легкости движения – начните тейпировать с нами! ✨	9900.00	t	2025-05-07 12:20:19.474284+03	2025-05-07 12:20:19.474294+03	0.00	1
3	Омоложение 40+	omolozhenie-40	products/2025/05/07/курс.png	Хотите подтянуть овал лица, разгладить морщинки и вернуть коже тонус? Наш курс научит вас эффективным техникам массажа и упражнениям для лицевых мышц, которые:\r\n\r\n✅ Улучшают кровообращение – для здорового румянца и сияния.\r\n✅ Подтягивают контуры – без дорогих процедур.\r\n✅ Снимают напряжение – уменьшаем заломы и мимические морщины.\r\n✅ Замедляют старение – естественный лифтинг в домашних условиях.\r\n\r\nФормат: видеоуроки + PDF-инструкции в закрытом TG-канале. Результат уже через 2-3 недели!\r\n\r\n✨ Подарите коже молодость – начните прямо сейчас! ✨	24900.00	t	2025-05-07 12:21:38.08531+03	2025-05-07 12:21:38.085318+03	0.00	2
4	Тибет НПЛ	tibet-npl	products/2025/05/07/курс2.png	Хотите подтянуть овал лица, уменьшить второй подбородок и разгладить носогубные складки без инъекций и аппаратных процедур? Откройте секреты древнего тибетского массажа для молодости и свежести кожи!\r\n\r\nЧто вас ждёт в курсе?\r\n✅ Техники точечного воздействия – активация лимфотока и кровообращения.\r\n✅ Коррекция овала лица – уменьшение дряблости и птоза.\r\n✅ Разглаживание морщин – работа с носогубными складками и областью рта.\r\n✅ Снятие напряжения – расслабление жевательных мышц и улучшение тонуса кожи.\r\n✅ Долгосрочный эффект – естественное омоложение при регулярном применении.\r\n\r\nФормат: пошаговые видеоуроки + PDF-инструкция с техниками самомассажа.\r\n\r\n✨ Верните чёткие контуры и сияние кожи – начните практиковать тибетский массаж уже сегодня! ✨	7900.00	t	2025-05-07 12:22:53.144871+03	2025-05-07 12:22:53.144878+03	0.00	3
5	Тибет ВПЛ	tibet-vpl	products/2025/05/07/курс3.png	Мечтаете избавиться от отеков век, разгладить морщинки вокруг глаз и приподнять опущенные брови без косметологических вмешательств? Освойте древние тибетские техники массажа для свежего и отдохнувшего взгляда!\r\n\r\nЧто вы освоите в курсе?\r\n✅ Техники точечного омоложения – работа с зонами лба, межбровья и глазниц\r\n✅ Эффект "открытого взгляда" – коррекция нависающего века и приподнимание бровей\r\n✅ Разглаживание "гусиных лапок" – стимуляция эластичности периорбитальной зоны\r\n✅ Дренажный эффект – устранение мешков и темных кругов под глазами\r\n✅ Техники расслабления – снятие напряжения с лобных и височных мышц\r\n\r\nФормат:\r\n🎥 Детальные видеоуроки с анатомическими пояснениями и иллюстрированное пособие с техниками самомассажа в закрытом TG-канале\r\n\r\n✨ Подарите глазам сияние молодости – начните преображаться уже сегодня! ✨	5900.00	t	2025-05-07 12:24:00.750953+03	2025-05-07 12:24:12.589805+03	0.00	3
7	Йога для лица	joga-dlya-lica	products/2025/05/07/курс4.png	Откройте секрет молодости без инъекций и дорогих процедур! Наш курс научит вас простым, но мощным упражнениям, которые подарят коже упругость, а лицу – четкие, подтянутые контуры.\r\n\r\nЧто даст вам курс?\r\n✅ Натуральный лифтинг-эффект – подтяжка овала лица и уменьшение второго подбородка\r\n✅ Избавление от мимических морщин – работа с "гусиными лапками", носогубными складками, морщинами на лбу\r\n✅ Улучшение кровообращения – здоровый румянец и сияние кожи\r\n✅ Расслабление мышц лица – снятие зажимов и профилактика новых морщин\r\n✅ Коррекция асимметрии – выравнивание черт лица\r\n\r\nФормат обучения:\r\n🧘‍♀️ Видеоуроки с подробными разборами техник и иллюстрированный гид с упражнениями на каждый день в закрытом TG-канале\r\n\r\nПодарите своему лицу молодость и свежесть – начните заниматься уже сегодня!	6900.00	t	2025-05-07 12:26:40.133518+03	2025-05-07 12:26:40.133526+03	0.00	2
8	Дренаж лица	drenazh-lica	products/2025/05/07/курс5.png	Устали от утренних отеков, тусклого цвета лица и ощущения "тяжести" в коже? Наш курс научит вас профессиональным техникам лимфодренажного массажа, которые вернут лицу свежесть, четкость контуров и здоровое сияние!\r\n\r\nЧто вы получите после курса?\r\n✅ Стойкое уменьшение отеков – даже после бессонных ночей\r\n✅ Детокс-эффект – улучшение лимфотока и выведение токсинов\r\n✅ Скульптурирование овала – уменьшение второго подбородка и подтяжка контуров\r\n✅ Улучшение цвета лица – борьба с тусклостью и серостью кожи\r\n✅ Эффект "проснувшегося лица" – мгновенная свежесть за 5 минут\r\n\r\nФормат обучения:\r\n💆‍♀️ Пошаговые видеоуроки – от основ до продвинутых техник, а также иллюстрированное пособие – схемы массажных линий и зон воздействия - в закрытом TG-канале\r\n\r\nПодарите коже легкость и сияние – начните курс уже сегодня!	4900.00	t	2025-05-07 12:27:48.784006+03	2025-05-07 12:27:48.784014+03	0.00	2
6	SPA для лица	spa-dlya-lica	products/2025/05/07/спа.png	Подарите своей коже роскошный уход уровня салона красоты, не выходя из дома! Наш курс раскроет секреты эффективных SPA-процедур для сияющего, подтянутого и молодого лица.\r\n\r\nЧто включено в программу?\r\n✅ Многоступенчатый уход – очищение, тонизирование, питание и увлажнение\r\n✅ Техники расслабляющего массажа – снятие напряжения мимических мышц\r\n✅ Домашние лифтинг-процедуры – маски, скрабы и обертывания\r\n✅ Работа с возрастными изменениями – профилактика морщин и птоза\r\n✅ Ароматерапия и техники релаксации – антистресс-эффект для кожи\r\n\r\nПочему стоит выбрать этот курс?\r\n✨ Экономия на салонных процедурах – те же результаты своими руками\r\n✨ Универсальные техники – подходят для любого возраста и типа кожи\r\n✨ Готовые рецепты – натуральные составы из доступных ингредиентов\r\n✨ Мгновенный эффект – свежесть и сияние после первого применения\r\n\r\nФормат обучения:\r\n🎥 Уютные видеоуроки с пошаговыми демонстрациями, а также книга рецептов с авторскими SPA-программами в закрытом TG-канале\r\n\r\nПреобразите свою кожу уже сегодня!	10900.00	t	2025-05-07 12:25:40.990126+03	2025-05-07 12:28:11.813224+03	5.00	4
\.


--
-- TOC entry 5053 (class 0 OID 16755)
-- Dependencies: 239
-- Data for Name: orders_order; Type: TABLE DATA; Schema: public; Owner: diplom
--

COPY public.orders_order (id, first_name, last_name, email, tg_name, created, updated, user_id, paid) FROM stdin;
1	Людмила	Шубина	Forwomen40@yandex.ru	@EdwardShubin	2025-05-06 16:54:19.084705+03	2025-05-06 16:54:19.084713+03	1	f
2	Людмила	Шубина	Forwomen40@yandex.ru	@EdwardShubin	2025-05-06 19:24:17.645674+03	2025-05-06 19:24:17.645682+03	1	f
3	Людмила	Шубина	Forwomen40@yandex.ru	@EdwardShubin	2025-05-06 22:39:44.566097+03	2025-05-06 22:39:44.566104+03	1	f
4	Людмила	Шубина	Forwomen40@yandex.ru	@EdwardShubin	2025-05-06 22:41:04.425008+03	2025-05-06 22:41:04.425016+03	1	f
5	Людмила	Шубина	Forwomen40@yandex.ru	@EdwardShubin	2025-05-06 22:45:18.894037+03	2025-05-06 22:45:18.894044+03	1	f
6	Людмила	Шубина	Forwomen40@yandex.ru	@EdwardShubin	2025-05-06 22:56:40.314134+03	2025-05-06 22:56:40.314142+03	1	f
7	Людмила	Шубина	Forwomen40@yandex.ru	@EdwardShubin	2025-05-06 22:58:59.068408+03	2025-05-06 22:58:59.068417+03	1	f
8	Людмила	Шубина	Forwomen40@yandex.ru	@EdwardShubin	2025-05-06 23:19:42.231941+03	2025-05-06 23:19:42.231951+03	1	f
9	Людмила	Шубина	Forwomen40@yandex.ru	@EdwardShubin	2025-05-06 23:20:30.285324+03	2025-05-06 23:20:30.285333+03	1	f
10	Людмила	Шубина	Forwomen40@yandex.ru	@EdwardShubin	2025-05-06 23:30:08.184866+03	2025-05-06 23:30:58.190913+03	1	t
11	Людмила	Шубина	Forwomen40@yandex.ru	@EdwardShubin	2025-05-06 23:32:56.276264+03	2025-05-06 23:32:56.276271+03	1	f
12	Людмила	Шубина	Forwomen40@yandex.ru	@EdwardShubin	2025-05-06 23:33:19.416721+03	2025-05-06 23:33:19.416728+03	1	f
13	Людмила	Шубина	Forwomen40@yandex.ru	@EdwardShubin	2025-05-06 23:33:34.158827+03	2025-05-06 23:33:34.158835+03	1	f
14	Людмила	Шубина	Forwomen40@yandex.ru	@EdwardShubin	2025-05-06 23:35:21.638557+03	2025-05-06 23:35:21.638565+03	1	f
15	Людмила	Шубина	Forwomen40@yandex.ru	@EdwardShubin	2025-05-06 23:40:14.780318+03	2025-05-06 23:40:14.780325+03	1	f
16	Людмила	Шубина	Forwomen40@yandex.ru	@EdwardShubin	2025-05-06 23:59:38.546024+03	2025-05-06 23:59:38.546033+03	1	f
17	Людмила	Шубина	Forwomen40@yandex.ru	@EdwardShubin	2025-05-07 01:05:24.724379+03	2025-05-07 01:05:24.724386+03	1	f
18	Людмила	Шубина	Forwomen40@yandex.ru	@EdwardShubin	2025-05-07 01:09:50.92474+03	2025-05-07 01:09:50.924747+03	1	f
19	Элина	Хафизова	swelico@vk.com	swelico	2025-05-07 02:14:30.342168+03	2025-05-07 02:14:30.342175+03	2	f
20	Элина	Хафизова	swelico@vk.com	swelico	2025-05-07 12:14:29.896236+03	2025-05-07 12:14:29.896244+03	2	f
21	Людмила	Шубина	Forwomen40@yandex.ru	swelico	2025-05-07 13:42:20.094317+03	2025-05-07 13:42:20.094324+03	1	f
22	Людмила	Шубина	Forwomen40@yandex.ru	swelico	2025-05-07 13:57:27.432539+03	2025-05-07 13:57:27.432546+03	1	f
23	Людмила	Шубина	Forwomen40@yandex.ru	swelico	2025-05-07 13:58:24.489547+03	2025-05-07 13:58:24.489555+03	1	f
24	Людмила	Шубина	Forwomen40@yandex.ru	@EdwardShubin	2025-05-07 14:00:07.242276+03	2025-05-07 14:00:07.242287+03	1	f
25	Людмила	Шубина	Forwomen40@yandex.ru	swelico	2025-05-07 14:21:39.523053+03	2025-05-07 14:21:39.52306+03	1	f
26	Элина	Хафизова	swelico@vk.com	swelico	2025-05-07 14:50:54.705127+03	2025-05-07 14:50:54.705134+03	3	f
27	Элина	Хафизова	swelico@vk.com	admin	2025-05-07 14:52:11.546519+03	2025-05-08 21:16:26.740409+03	3	t
28	Людмила	Шубина	Forwomen40@yandex.ru	swelico	2025-05-09 18:22:48.398319+03	2025-05-09 18:22:48.398327+03	1	f
29	Лилия	Закирова	zakiroval@mail.ru	zakiroval	2025-05-10 21:49:55.38407+03	2025-05-10 21:55:59.478896+03	4	t
\.


--
-- TOC entry 5055 (class 0 OID 16763)
-- Dependencies: 241
-- Data for Name: orders_orderitem; Type: TABLE DATA; Schema: public; Owner: diplom
--

COPY public.orders_orderitem (id, price, quantity, order_id, product_id) FROM stdin;
1	8900.00	1	1	1
2	8900.00	1	2	1
3	8900.00	1	3	1
4	8900.00	1	4	1
5	8900.00	1	5	1
6	8900.00	1	6	1
7	8900.00	1	7	1
8	8900.00	2	8	1
9	8900.00	1	9	1
10	8900.00	2	10	1
11	8900.00	1	14	1
12	8900.00	1	15	1
13	8900.00	2	16	1
14	8900.00	2	17	1
15	8900.00	1	18	1
16	8900.00	2	19	1
17	8900.00	2	20	1
18	5900.00	1	21	5
19	4900.00	2	21	8
20	10355.00	3	22	6
21	4900.00	2	22	8
22	10355.00	1	24	6
23	4900.00	1	25	8
24	10355.00	1	25	6
25	4900.00	1	26	8
26	10355.00	1	27	6
27	4900.00	1	27	8
28	6900.00	1	28	7
29	4900.00	1	28	8
30	4900.00	1	29	8
\.


--
-- TOC entry 5040 (class 0 OID 16642)
-- Dependencies: 226
-- Data for Name: user; Type: TABLE DATA; Schema: public; Owner: diplom
--

COPY public."user" (id, password, last_login, is_superuser, username, first_name, last_name, email, is_staff, is_active, date_joined, image) FROM stdin;
4	pbkdf2_sha256$1000000$JlJPt0cHXEuP37OltkRsO4$XFy0BfyvadO6sQE+1i1Z6ZE9HQCZ2b6VoKDEcOOiAu0=	2025-05-10 21:46:21.540575+03	f	zakiroval	Лилия	Закирова	zakiroval@mail.ru	f	t	2025-05-10 21:46:04.72246+03	users_image/6._Жираф.jpg
1	pbkdf2_sha256$1000000$qYbypNvxTwOzXcn7oMS5pU$WUoxeOj5c2tSdWpPhdx+Vko5MHwthnqUGLDGXmt0QO0=	2025-05-10 21:51:04.789871+03	t	admin	Людмила	Шубина	Forwomen40@yandex.ru	t	t	2025-05-06 15:07:37.577787+03	users_image/Аватар_2В.png
2	pbkdf2_sha256$1000000$fq5qLY3CVYlB1fYFkrAGmy$Up/rKOdhYog3+ZYCDGTwjRIAkT7ltgoarVidlrHAD4Q=	2025-05-07 12:14:21.429995+03	f	swelico	Элина	Хафизова	swelico@vk.com	f	t	2025-05-07 01:27:07.927278+03	users_image/26_._Цветущая_яблоня.jpg
3	pbkdf2_sha256$1000000$R2Q9u2B7BiFsIUZ1Mcb9C7$FynAHolL24IOJ9PycLeuwuAx0zp7+BiFOpNS6i4G5Qw=	2025-05-07 14:52:02.401855+03	f	user1	Элина	Хафизова	swelico@vk.com	f	t	2025-05-07 14:50:38.661233+03	users_image/4._Кот_с_наушниками.jpg
\.


--
-- TOC entry 5042 (class 0 OID 16652)
-- Dependencies: 228
-- Data for Name: user_groups; Type: TABLE DATA; Schema: public; Owner: diplom
--

COPY public.user_groups (id, user_id, group_id) FROM stdin;
\.


--
-- TOC entry 5044 (class 0 OID 16658)
-- Dependencies: 230
-- Data for Name: user_user_permissions; Type: TABLE DATA; Schema: public; Owner: diplom
--

COPY public.user_user_permissions (id, user_id, permission_id) FROM stdin;
\.


--
-- TOC entry 5062 (class 0 OID 0)
-- Dependencies: 221
-- Name: auth_group_id_seq; Type: SEQUENCE SET; Schema: public; Owner: diplom
--

SELECT pg_catalog.setval('public.auth_group_id_seq', 1, false);


--
-- TOC entry 5063 (class 0 OID 0)
-- Dependencies: 223
-- Name: auth_group_permissions_id_seq; Type: SEQUENCE SET; Schema: public; Owner: diplom
--

SELECT pg_catalog.setval('public.auth_group_permissions_id_seq', 1, false);


--
-- TOC entry 5064 (class 0 OID 0)
-- Dependencies: 219
-- Name: auth_permission_id_seq; Type: SEQUENCE SET; Schema: public; Owner: diplom
--

SELECT pg_catalog.setval('public.auth_permission_id_seq', 40, true);


--
-- TOC entry 5065 (class 0 OID 0)
-- Dependencies: 231
-- Name: django_admin_log_id_seq; Type: SEQUENCE SET; Schema: public; Owner: diplom
--

SELECT pg_catalog.setval('public.django_admin_log_id_seq', 19, true);


--
-- TOC entry 5066 (class 0 OID 0)
-- Dependencies: 217
-- Name: django_content_type_id_seq; Type: SEQUENCE SET; Schema: public; Owner: diplom
--

SELECT pg_catalog.setval('public.django_content_type_id_seq', 10, true);


--
-- TOC entry 5067 (class 0 OID 0)
-- Dependencies: 215
-- Name: django_migrations_id_seq; Type: SEQUENCE SET; Schema: public; Owner: diplom
--

SELECT pg_catalog.setval('public.django_migrations_id_seq', 23, true);


--
-- TOC entry 5068 (class 0 OID 0)
-- Dependencies: 233
-- Name: main_category_id_seq; Type: SEQUENCE SET; Schema: public; Owner: diplom
--

SELECT pg_catalog.setval('public.main_category_id_seq', 4, true);


--
-- TOC entry 5069 (class 0 OID 0)
-- Dependencies: 235
-- Name: main_product_id_seq; Type: SEQUENCE SET; Schema: public; Owner: diplom
--

SELECT pg_catalog.setval('public.main_product_id_seq', 9, true);


--
-- TOC entry 5070 (class 0 OID 0)
-- Dependencies: 238
-- Name: orders_order_id_seq; Type: SEQUENCE SET; Schema: public; Owner: diplom
--

SELECT pg_catalog.setval('public.orders_order_id_seq', 29, true);


--
-- TOC entry 5071 (class 0 OID 0)
-- Dependencies: 240
-- Name: orders_orderitem_id_seq; Type: SEQUENCE SET; Schema: public; Owner: diplom
--

SELECT pg_catalog.setval('public.orders_orderitem_id_seq', 30, true);


--
-- TOC entry 5072 (class 0 OID 0)
-- Dependencies: 227
-- Name: user_groups_id_seq; Type: SEQUENCE SET; Schema: public; Owner: diplom
--

SELECT pg_catalog.setval('public.user_groups_id_seq', 1, false);


--
-- TOC entry 5073 (class 0 OID 0)
-- Dependencies: 225
-- Name: user_id_seq; Type: SEQUENCE SET; Schema: public; Owner: diplom
--

SELECT pg_catalog.setval('public.user_id_seq', 4, true);


--
-- TOC entry 5074 (class 0 OID 0)
-- Dependencies: 229
-- Name: user_user_permissions_id_seq; Type: SEQUENCE SET; Schema: public; Owner: diplom
--

SELECT pg_catalog.setval('public.user_user_permissions_id_seq', 1, false);


--
-- TOC entry 4814 (class 2606 OID 16639)
-- Name: auth_group auth_group_name_key; Type: CONSTRAINT; Schema: public; Owner: diplom
--

ALTER TABLE ONLY public.auth_group
    ADD CONSTRAINT auth_group_name_key UNIQUE (name);


--
-- TOC entry 4819 (class 2606 OID 16625)
-- Name: auth_group_permissions auth_group_permissions_group_id_permission_id_0cd325b0_uniq; Type: CONSTRAINT; Schema: public; Owner: diplom
--

ALTER TABLE ONLY public.auth_group_permissions
    ADD CONSTRAINT auth_group_permissions_group_id_permission_id_0cd325b0_uniq UNIQUE (group_id, permission_id);


--
-- TOC entry 4822 (class 2606 OID 16614)
-- Name: auth_group_permissions auth_group_permissions_pkey; Type: CONSTRAINT; Schema: public; Owner: diplom
--

ALTER TABLE ONLY public.auth_group_permissions
    ADD CONSTRAINT auth_group_permissions_pkey PRIMARY KEY (id);


--
-- TOC entry 4816 (class 2606 OID 16606)
-- Name: auth_group auth_group_pkey; Type: CONSTRAINT; Schema: public; Owner: diplom
--

ALTER TABLE ONLY public.auth_group
    ADD CONSTRAINT auth_group_pkey PRIMARY KEY (id);


--
-- TOC entry 4809 (class 2606 OID 16616)
-- Name: auth_permission auth_permission_content_type_id_codename_01ab375a_uniq; Type: CONSTRAINT; Schema: public; Owner: diplom
--

ALTER TABLE ONLY public.auth_permission
    ADD CONSTRAINT auth_permission_content_type_id_codename_01ab375a_uniq UNIQUE (content_type_id, codename);


--
-- TOC entry 4811 (class 2606 OID 16600)
-- Name: auth_permission auth_permission_pkey; Type: CONSTRAINT; Schema: public; Owner: diplom
--

ALTER TABLE ONLY public.auth_permission
    ADD CONSTRAINT auth_permission_pkey PRIMARY KEY (id);


--
-- TOC entry 4842 (class 2606 OID 16700)
-- Name: django_admin_log django_admin_log_pkey; Type: CONSTRAINT; Schema: public; Owner: diplom
--

ALTER TABLE ONLY public.django_admin_log
    ADD CONSTRAINT django_admin_log_pkey PRIMARY KEY (id);


--
-- TOC entry 4804 (class 2606 OID 16594)
-- Name: django_content_type django_content_type_app_label_model_76bd3d3b_uniq; Type: CONSTRAINT; Schema: public; Owner: diplom
--

ALTER TABLE ONLY public.django_content_type
    ADD CONSTRAINT django_content_type_app_label_model_76bd3d3b_uniq UNIQUE (app_label, model);


--
-- TOC entry 4806 (class 2606 OID 16592)
-- Name: django_content_type django_content_type_pkey; Type: CONSTRAINT; Schema: public; Owner: diplom
--

ALTER TABLE ONLY public.django_content_type
    ADD CONSTRAINT django_content_type_pkey PRIMARY KEY (id);


--
-- TOC entry 4802 (class 2606 OID 16586)
-- Name: django_migrations django_migrations_pkey; Type: CONSTRAINT; Schema: public; Owner: diplom
--

ALTER TABLE ONLY public.django_migrations
    ADD CONSTRAINT django_migrations_pkey PRIMARY KEY (id);


--
-- TOC entry 4863 (class 2606 OID 16751)
-- Name: django_session django_session_pkey; Type: CONSTRAINT; Schema: public; Owner: diplom
--

ALTER TABLE ONLY public.django_session
    ADD CONSTRAINT django_session_pkey PRIMARY KEY (session_key);


--
-- TOC entry 4847 (class 2606 OID 16720)
-- Name: main_category main_category_name_key; Type: CONSTRAINT; Schema: public; Owner: diplom
--

ALTER TABLE ONLY public.main_category
    ADD CONSTRAINT main_category_name_key UNIQUE (name);


--
-- TOC entry 4849 (class 2606 OID 16718)
-- Name: main_category main_category_pkey; Type: CONSTRAINT; Schema: public; Owner: diplom
--

ALTER TABLE ONLY public.main_category
    ADD CONSTRAINT main_category_pkey PRIMARY KEY (id);


--
-- TOC entry 4852 (class 2606 OID 16722)
-- Name: main_category main_category_slug_key; Type: CONSTRAINT; Schema: public; Owner: diplom
--

ALTER TABLE ONLY public.main_category
    ADD CONSTRAINT main_category_slug_key UNIQUE (slug);


--
-- TOC entry 4858 (class 2606 OID 16730)
-- Name: main_product main_product_pkey; Type: CONSTRAINT; Schema: public; Owner: diplom
--

ALTER TABLE ONLY public.main_product
    ADD CONSTRAINT main_product_pkey PRIMARY KEY (id);


--
-- TOC entry 4867 (class 2606 OID 16761)
-- Name: orders_order orders_order_pkey; Type: CONSTRAINT; Schema: public; Owner: diplom
--

ALTER TABLE ONLY public.orders_order
    ADD CONSTRAINT orders_order_pkey PRIMARY KEY (id);


--
-- TOC entry 4871 (class 2606 OID 16768)
-- Name: orders_orderitem orders_orderitem_pkey; Type: CONSTRAINT; Schema: public; Owner: diplom
--

ALTER TABLE ONLY public.orders_orderitem
    ADD CONSTRAINT orders_orderitem_pkey PRIMARY KEY (id);


--
-- TOC entry 4830 (class 2606 OID 16656)
-- Name: user_groups user_groups_pkey; Type: CONSTRAINT; Schema: public; Owner: diplom
--

ALTER TABLE ONLY public.user_groups
    ADD CONSTRAINT user_groups_pkey PRIMARY KEY (id);


--
-- TOC entry 4833 (class 2606 OID 16665)
-- Name: user_groups user_groups_user_id_group_id_40beef00_uniq; Type: CONSTRAINT; Schema: public; Owner: diplom
--

ALTER TABLE ONLY public.user_groups
    ADD CONSTRAINT user_groups_user_id_group_id_40beef00_uniq UNIQUE (user_id, group_id);


--
-- TOC entry 4824 (class 2606 OID 16648)
-- Name: user user_pkey; Type: CONSTRAINT; Schema: public; Owner: diplom
--

ALTER TABLE ONLY public."user"
    ADD CONSTRAINT user_pkey PRIMARY KEY (id);


--
-- TOC entry 4836 (class 2606 OID 16662)
-- Name: user_user_permissions user_user_permissions_pkey; Type: CONSTRAINT; Schema: public; Owner: diplom
--

ALTER TABLE ONLY public.user_user_permissions
    ADD CONSTRAINT user_user_permissions_pkey PRIMARY KEY (id);


--
-- TOC entry 4839 (class 2606 OID 16679)
-- Name: user_user_permissions user_user_permissions_user_id_permission_id_7dc6e2e0_uniq; Type: CONSTRAINT; Schema: public; Owner: diplom
--

ALTER TABLE ONLY public.user_user_permissions
    ADD CONSTRAINT user_user_permissions_user_id_permission_id_7dc6e2e0_uniq UNIQUE (user_id, permission_id);


--
-- TOC entry 4827 (class 2606 OID 16650)
-- Name: user user_username_key; Type: CONSTRAINT; Schema: public; Owner: diplom
--

ALTER TABLE ONLY public."user"
    ADD CONSTRAINT user_username_key UNIQUE (username);


--
-- TOC entry 4812 (class 1259 OID 16640)
-- Name: auth_group_name_a6ea08ec_like; Type: INDEX; Schema: public; Owner: diplom
--

CREATE INDEX auth_group_name_a6ea08ec_like ON public.auth_group USING btree (name varchar_pattern_ops);


--
-- TOC entry 4817 (class 1259 OID 16636)
-- Name: auth_group_permissions_group_id_b120cbf9; Type: INDEX; Schema: public; Owner: diplom
--

CREATE INDEX auth_group_permissions_group_id_b120cbf9 ON public.auth_group_permissions USING btree (group_id);


--
-- TOC entry 4820 (class 1259 OID 16637)
-- Name: auth_group_permissions_permission_id_84c5c92e; Type: INDEX; Schema: public; Owner: diplom
--

CREATE INDEX auth_group_permissions_permission_id_84c5c92e ON public.auth_group_permissions USING btree (permission_id);


--
-- TOC entry 4807 (class 1259 OID 16622)
-- Name: auth_permission_content_type_id_2f476e4b; Type: INDEX; Schema: public; Owner: diplom
--

CREATE INDEX auth_permission_content_type_id_2f476e4b ON public.auth_permission USING btree (content_type_id);


--
-- TOC entry 4840 (class 1259 OID 16711)
-- Name: django_admin_log_content_type_id_c4bce8eb; Type: INDEX; Schema: public; Owner: diplom
--

CREATE INDEX django_admin_log_content_type_id_c4bce8eb ON public.django_admin_log USING btree (content_type_id);


--
-- TOC entry 4843 (class 1259 OID 16712)
-- Name: django_admin_log_user_id_c564eba6; Type: INDEX; Schema: public; Owner: diplom
--

CREATE INDEX django_admin_log_user_id_c564eba6 ON public.django_admin_log USING btree (user_id);


--
-- TOC entry 4861 (class 1259 OID 16753)
-- Name: django_session_expire_date_a5c62663; Type: INDEX; Schema: public; Owner: diplom
--

CREATE INDEX django_session_expire_date_a5c62663 ON public.django_session USING btree (expire_date);


--
-- TOC entry 4864 (class 1259 OID 16752)
-- Name: django_session_session_key_c0390e0f_like; Type: INDEX; Schema: public; Owner: diplom
--

CREATE INDEX django_session_session_key_c0390e0f_like ON public.django_session USING btree (session_key varchar_pattern_ops);


--
-- TOC entry 4844 (class 1259 OID 16733)
-- Name: main_catego_name_5111b9_idx; Type: INDEX; Schema: public; Owner: diplom
--

CREATE INDEX main_catego_name_5111b9_idx ON public.main_category USING btree (name);


--
-- TOC entry 4845 (class 1259 OID 16731)
-- Name: main_category_name_eb0f0831_like; Type: INDEX; Schema: public; Owner: diplom
--

CREATE INDEX main_category_name_eb0f0831_like ON public.main_category USING btree (name varchar_pattern_ops);


--
-- TOC entry 4850 (class 1259 OID 16732)
-- Name: main_category_slug_7ae6758d_like; Type: INDEX; Schema: public; Owner: diplom
--

CREATE INDEX main_category_slug_7ae6758d_like ON public.main_category USING btree (slug varchar_pattern_ops);


--
-- TOC entry 4853 (class 1259 OID 16744)
-- Name: main_produc_created_4330ad_idx; Type: INDEX; Schema: public; Owner: diplom
--

CREATE INDEX main_produc_created_4330ad_idx ON public.main_product USING btree (created DESC);


--
-- TOC entry 4854 (class 1259 OID 16742)
-- Name: main_produc_id_f4bffc_idx; Type: INDEX; Schema: public; Owner: diplom
--

CREATE INDEX main_produc_id_f4bffc_idx ON public.main_product USING btree (id, slug);


--
-- TOC entry 4855 (class 1259 OID 16743)
-- Name: main_produc_name_168fc5_idx; Type: INDEX; Schema: public; Owner: diplom
--

CREATE INDEX main_produc_name_168fc5_idx ON public.main_product USING btree (name);


--
-- TOC entry 4856 (class 1259 OID 16741)
-- Name: main_product_category_id_c0d90f41; Type: INDEX; Schema: public; Owner: diplom
--

CREATE INDEX main_product_category_id_c0d90f41 ON public.main_product USING btree (category_id);


--
-- TOC entry 4859 (class 1259 OID 16739)
-- Name: main_product_slug_85058272; Type: INDEX; Schema: public; Owner: diplom
--

CREATE INDEX main_product_slug_85058272 ON public.main_product USING btree (slug);


--
-- TOC entry 4860 (class 1259 OID 16740)
-- Name: main_product_slug_85058272_like; Type: INDEX; Schema: public; Owner: diplom
--

CREATE INDEX main_product_slug_85058272_like ON public.main_product USING btree (slug varchar_pattern_ops);


--
-- TOC entry 4865 (class 1259 OID 16769)
-- Name: orders_orde_created_743fca_idx; Type: INDEX; Schema: public; Owner: diplom
--

CREATE INDEX orders_orde_created_743fca_idx ON public.orders_order USING btree (created DESC);


--
-- TOC entry 4868 (class 1259 OID 16775)
-- Name: orders_order_user_id_e9b59eb1; Type: INDEX; Schema: public; Owner: diplom
--

CREATE INDEX orders_order_user_id_e9b59eb1 ON public.orders_order USING btree (user_id);


--
-- TOC entry 4869 (class 1259 OID 16786)
-- Name: orders_orderitem_order_id_fe61a34d; Type: INDEX; Schema: public; Owner: diplom
--

CREATE INDEX orders_orderitem_order_id_fe61a34d ON public.orders_orderitem USING btree (order_id);


--
-- TOC entry 4872 (class 1259 OID 16787)
-- Name: orders_orderitem_product_id_afe4254a; Type: INDEX; Schema: public; Owner: diplom
--

CREATE INDEX orders_orderitem_product_id_afe4254a ON public.orders_orderitem USING btree (product_id);


--
-- TOC entry 4828 (class 1259 OID 16677)
-- Name: user_groups_group_id_b76f8aba; Type: INDEX; Schema: public; Owner: diplom
--

CREATE INDEX user_groups_group_id_b76f8aba ON public.user_groups USING btree (group_id);


--
-- TOC entry 4831 (class 1259 OID 16676)
-- Name: user_groups_user_id_abaea130; Type: INDEX; Schema: public; Owner: diplom
--

CREATE INDEX user_groups_user_id_abaea130 ON public.user_groups USING btree (user_id);


--
-- TOC entry 4834 (class 1259 OID 16691)
-- Name: user_user_permissions_permission_id_9deb68a3; Type: INDEX; Schema: public; Owner: diplom
--

CREATE INDEX user_user_permissions_permission_id_9deb68a3 ON public.user_user_permissions USING btree (permission_id);


--
-- TOC entry 4837 (class 1259 OID 16690)
-- Name: user_user_permissions_user_id_ed4a47ea; Type: INDEX; Schema: public; Owner: diplom
--

CREATE INDEX user_user_permissions_user_id_ed4a47ea ON public.user_user_permissions USING btree (user_id);


--
-- TOC entry 4825 (class 1259 OID 16663)
-- Name: user_username_cf016618_like; Type: INDEX; Schema: public; Owner: diplom
--

CREATE INDEX user_username_cf016618_like ON public."user" USING btree (username varchar_pattern_ops);


--
-- TOC entry 4874 (class 2606 OID 16631)
-- Name: auth_group_permissions auth_group_permissio_permission_id_84c5c92e_fk_auth_perm; Type: FK CONSTRAINT; Schema: public; Owner: diplom
--

ALTER TABLE ONLY public.auth_group_permissions
    ADD CONSTRAINT auth_group_permissio_permission_id_84c5c92e_fk_auth_perm FOREIGN KEY (permission_id) REFERENCES public.auth_permission(id) DEFERRABLE INITIALLY DEFERRED;


--
-- TOC entry 4875 (class 2606 OID 16626)
-- Name: auth_group_permissions auth_group_permissions_group_id_b120cbf9_fk_auth_group_id; Type: FK CONSTRAINT; Schema: public; Owner: diplom
--

ALTER TABLE ONLY public.auth_group_permissions
    ADD CONSTRAINT auth_group_permissions_group_id_b120cbf9_fk_auth_group_id FOREIGN KEY (group_id) REFERENCES public.auth_group(id) DEFERRABLE INITIALLY DEFERRED;


--
-- TOC entry 4873 (class 2606 OID 16617)
-- Name: auth_permission auth_permission_content_type_id_2f476e4b_fk_django_co; Type: FK CONSTRAINT; Schema: public; Owner: diplom
--

ALTER TABLE ONLY public.auth_permission
    ADD CONSTRAINT auth_permission_content_type_id_2f476e4b_fk_django_co FOREIGN KEY (content_type_id) REFERENCES public.django_content_type(id) DEFERRABLE INITIALLY DEFERRED;


--
-- TOC entry 4880 (class 2606 OID 16701)
-- Name: django_admin_log django_admin_log_content_type_id_c4bce8eb_fk_django_co; Type: FK CONSTRAINT; Schema: public; Owner: diplom
--

ALTER TABLE ONLY public.django_admin_log
    ADD CONSTRAINT django_admin_log_content_type_id_c4bce8eb_fk_django_co FOREIGN KEY (content_type_id) REFERENCES public.django_content_type(id) DEFERRABLE INITIALLY DEFERRED;


--
-- TOC entry 4881 (class 2606 OID 16706)
-- Name: django_admin_log django_admin_log_user_id_c564eba6_fk_user_id; Type: FK CONSTRAINT; Schema: public; Owner: diplom
--

ALTER TABLE ONLY public.django_admin_log
    ADD CONSTRAINT django_admin_log_user_id_c564eba6_fk_user_id FOREIGN KEY (user_id) REFERENCES public."user"(id) DEFERRABLE INITIALLY DEFERRED;


--
-- TOC entry 4882 (class 2606 OID 16734)
-- Name: main_product main_product_category_id_c0d90f41_fk_main_category_id; Type: FK CONSTRAINT; Schema: public; Owner: diplom
--

ALTER TABLE ONLY public.main_product
    ADD CONSTRAINT main_product_category_id_c0d90f41_fk_main_category_id FOREIGN KEY (category_id) REFERENCES public.main_category(id) DEFERRABLE INITIALLY DEFERRED;


--
-- TOC entry 4883 (class 2606 OID 16770)
-- Name: orders_order orders_order_user_id_e9b59eb1_fk_user_id; Type: FK CONSTRAINT; Schema: public; Owner: diplom
--

ALTER TABLE ONLY public.orders_order
    ADD CONSTRAINT orders_order_user_id_e9b59eb1_fk_user_id FOREIGN KEY (user_id) REFERENCES public."user"(id) DEFERRABLE INITIALLY DEFERRED;


--
-- TOC entry 4884 (class 2606 OID 16776)
-- Name: orders_orderitem orders_orderitem_order_id_fe61a34d_fk_orders_order_id; Type: FK CONSTRAINT; Schema: public; Owner: diplom
--

ALTER TABLE ONLY public.orders_orderitem
    ADD CONSTRAINT orders_orderitem_order_id_fe61a34d_fk_orders_order_id FOREIGN KEY (order_id) REFERENCES public.orders_order(id) DEFERRABLE INITIALLY DEFERRED;


--
-- TOC entry 4885 (class 2606 OID 16781)
-- Name: orders_orderitem orders_orderitem_product_id_afe4254a_fk_main_product_id; Type: FK CONSTRAINT; Schema: public; Owner: diplom
--

ALTER TABLE ONLY public.orders_orderitem
    ADD CONSTRAINT orders_orderitem_product_id_afe4254a_fk_main_product_id FOREIGN KEY (product_id) REFERENCES public.main_product(id) DEFERRABLE INITIALLY DEFERRED;


--
-- TOC entry 4876 (class 2606 OID 16671)
-- Name: user_groups user_groups_group_id_b76f8aba_fk_auth_group_id; Type: FK CONSTRAINT; Schema: public; Owner: diplom
--

ALTER TABLE ONLY public.user_groups
    ADD CONSTRAINT user_groups_group_id_b76f8aba_fk_auth_group_id FOREIGN KEY (group_id) REFERENCES public.auth_group(id) DEFERRABLE INITIALLY DEFERRED;


--
-- TOC entry 4877 (class 2606 OID 16666)
-- Name: user_groups user_groups_user_id_abaea130_fk_user_id; Type: FK CONSTRAINT; Schema: public; Owner: diplom
--

ALTER TABLE ONLY public.user_groups
    ADD CONSTRAINT user_groups_user_id_abaea130_fk_user_id FOREIGN KEY (user_id) REFERENCES public."user"(id) DEFERRABLE INITIALLY DEFERRED;


--
-- TOC entry 4878 (class 2606 OID 16685)
-- Name: user_user_permissions user_user_permission_permission_id_9deb68a3_fk_auth_perm; Type: FK CONSTRAINT; Schema: public; Owner: diplom
--

ALTER TABLE ONLY public.user_user_permissions
    ADD CONSTRAINT user_user_permission_permission_id_9deb68a3_fk_auth_perm FOREIGN KEY (permission_id) REFERENCES public.auth_permission(id) DEFERRABLE INITIALLY DEFERRED;


--
-- TOC entry 4879 (class 2606 OID 16680)
-- Name: user_user_permissions user_user_permissions_user_id_ed4a47ea_fk_user_id; Type: FK CONSTRAINT; Schema: public; Owner: diplom
--

ALTER TABLE ONLY public.user_user_permissions
    ADD CONSTRAINT user_user_permissions_user_id_ed4a47ea_fk_user_id FOREIGN KEY (user_id) REFERENCES public."user"(id) DEFERRABLE INITIALLY DEFERRED;


-- Completed on 2025-05-11 19:10:40

--
-- PostgreSQL database dump complete
--

--
-- Database "postgres" dump
--

\connect postgres

--
-- PostgreSQL database dump
--

-- Dumped from database version 16.8
-- Dumped by pg_dump version 17.4

-- Started on 2025-05-11 19:10:40

SET statement_timeout = 0;
SET lock_timeout = 0;
SET idle_in_transaction_session_timeout = 0;
SET transaction_timeout = 0;
SET client_encoding = 'UTF8';
SET standard_conforming_strings = on;
SELECT pg_catalog.set_config('search_path', '', false);
SET check_function_bodies = false;
SET xmloption = content;
SET client_min_messages = warning;
SET row_security = off;

--
-- TOC entry 2 (class 3079 OID 16384)
-- Name: adminpack; Type: EXTENSION; Schema: -; Owner: -
--

CREATE EXTENSION IF NOT EXISTS adminpack WITH SCHEMA pg_catalog;


--
-- TOC entry 4879 (class 0 OID 0)
-- Dependencies: 2
-- Name: EXTENSION adminpack; Type: COMMENT; Schema: -; Owner: 
--

COMMENT ON EXTENSION adminpack IS 'administrative functions for PostgreSQL';


-- Completed on 2025-05-11 19:10:40

--
-- PostgreSQL database dump complete
--

-- Completed on 2025-05-11 19:10:40

--
-- PostgreSQL database cluster dump complete
--

